﻿<?xml version="1.0" encoding="UTF-8"?>
<!--
	Notes for translators:
		Localized messages must be included in language code tag (e. g. <fr>...</fr>, <de>...</de>) as shown below.
		Please, follow the following format: <msg id="Original message">Translated message</msg>.
		Don't forget to change all < and > characters into XML entities &lt; and &gt; within translated messages.
		{0}, {1} and {2} marks denote substituted parameters. \n denotes line feed.
-->
<dotnetwikibot_messages>

	<!-- Hungarian translation by Daniel Tar <bdanee88@gmail.com> -->
	<hu>
		<msg id="&quot;\Cache\Defaults.dat&quot; file is invalid.">A "\Cache\Defaults.dat" fájl nem helyes.</msg>
		<msg id="&quot;\Cache\Defaults.dat&quot; file not found.">A "\Cache\Defaults.dat" fájl nem található.</msg>
		<msg id="Can't access image &quot;{0}&quot;.">A(z) „{0}” nevű képhez nem sikerült hozzáférni.</msg>
		<msg id="Can't access the site.">Az oldalhoz nem sikerült hozzáférni.</msg>
		<msg id="Can't get category members using bot interface.\nSwitching to common user interface (&quot;site.botQuery&quot; is set to &quot;false&quot;).">Nem sikerült lekérni a kategória elemeit a bot felületén keresztül.\nÁtváltás az általános felhasználói felületre (a "site.botQuery" értéke „false”-ra van állítva).</msg>
		<msg id="Can't revert page &quot;{0}&quot;.">A(z) „{0}” című lapot nem sikerült visszaállítani.</msg>
		<msg id="Can't undo last edits of page &quot;{0}&quot; by user {1}.">A(z) {1} által végzett legutóbbi szerkesztéseket nem sikerült visszaállítani a(z) {1} című lapon.</msg>
		<msg id="Downloading image &quot;{0}&quot;...">A(z) „{0}” nevű kép letöltése...</msg>
		<msg id="Edit conflict occurred while trying to savе page &quot;{0}&quot;.">Szerkesztési ütközés történt az „{0}” című lap mentése közben.</msg>
		<msg id="Error occurred when downloading image &quot;{0}&quot;.">Hiba történt a(z) „{0}” nevű kép letöltése közben.</msg>
		<msg id="Error occurred when saving page &quot;{0}&quot;: Bot operation is not allowed for this account at &quot;{1}&quot; site.">Hiba történt a(z) „{0}” című lap mentése közben: a botszerkesztések nem engedélyezettek ezen fiók számára a(z) „{1}”  oldalon.</msg>
		<msg id="Error occurred when uploading image &quot;{0}&quot;.">Hiba történt a(z) „{0}” nevű kép feltöltése közben.</msg>
		<msg id="Error: {0}">Hiba: {0}</msg>
		<msg id="Failed to delete page &quot;{0}&quot;.">Nem sikerült törölni a(z) „{0}” című lapot.</msg>
		<msg id="Failed to rename page &quot;{0}&quot; to &quot;{1}&quot;.">Nem sikerült átnevezni a(z) „{0}” című lapot „{1}” névre.</msg>
		<msg id="Getting category &quot;{0}&quot; contents...">A(z) „{0}” kategória tartalmának lekérése...</msg>
		<msg id="Getting {0} last revisons of &quot;{1}&quot; page...">A(z) „{1}” című lap legutolsó {0} változatának lekérése...</msg>
		<msg id="Getting {0} last revisons of &quot;{1}&quot; page...">A(z) „{1}” című lap legutolsó {0} változatának lekérése...</msg>
		<msg id="Getting {0} page titles from &quot;Special:Allpages&quot; MediaWiki page...">{0} lapcím lekérése a „Special:Allpages” MediaWiki-oldalról.</msg>
		<msg id="Getting {0} page titles from &quot;Special:Recentchanges&quot; page...">{0} lapcím lekérése a friss változások listájáról.</msg>
		<msg id="Getting {0} page titles from &quot;Special:{1}&quot; page...">{0} lapcím lekrésée a „Special:{1}” lapról.</msg>
		<msg id="Getting {0} page titles from &quot;{1}&quot; log...">{0} lapcím lekérése a(z) „{1}” naplóból...</msg>
		<msg id="Image &quot;{0}&quot; doesn't exist.">Nem létezik „{0}” nevű kép.</msg>
		<msg id="Image &quot;{0}&quot; downloaded successfully.">A(z) „{0}” nevű kép letöltése befejeződött.</msg>
		<msg id="Image &quot;{0}&quot; uploaded successfully.">A(z) „{0}” nevű kép sikeresen feltöltve.</msg>
		<msg id="Image file &quot;{0}&quot; doesn't exist.">A(z) „{0}” nevű képfájl nem létezik.</msg>
		<msg id="Initializing disambiguation template tags...">Egyértelműsítő sablonnevek betöltése...</msg>
		<msg id="Insufficient rights to edit page &quot;{0}&quot;.">Nincs megfelelő jogosultság a(z) „{0}” című lap szerkesztéséhez.</msg>
		<msg id="Last edits of page &quot;{0}&quot; by user {1} were undone.">{1} legutolsó szerkesztései visszavonva a(z) „{0}” című lapon.</msg>
		<msg id="Limit must be positive.">A határértéknek pozitívnak kell lennie.</msg>
		<msg id="Loading pages from XML dump...">Lapok betöltése az XML-dumpból.</msg>
		<msg id="Loading {0} pages for XML dump...">{0} lap betöltése az XML-dumból...</msg>
		<msg id="Loading {0} pages...">{0} lap betöltése...</msg>
		<msg id="Log &quot;{0}&quot; does not contain page titles.">A(z) „{0}” napló egyetlen lapcímet sem tartalmaz.</msg>
		<msg id="Logged in as {0}.">Bejelentkezve {0} néven.</msg>
		<msg id="Logging in...">Bejelentkezés...</msg>
		<msg id="Login failed. Check your username and password.">Nem sikerült bejelentkezni. Ellenőrizd a szerkesztőnevedet és a jelszót.</msg>
		<msg id="MediaWiki system messages were loaded successfully.">A MediaWiki-üzenetek frissítése befejeződött.</msg>
		<msg id="MediaWiki messages parsing failed.">A MediaWiki-üzenetek feldolgozása nem sikerült.</msg>
		<msg id="Name of file &quot;{0}&quot; must contain at least 3 characters (excluding extension) for successful upload.">A(z) „{0}” fájl nevének a kiterjesztés nélkül legalább három karakterből kell állnia ahhoz, hogy fel lehessen tölteni.</msg>
		<msg id="No URL specified of image to upload.">Nem adtad meg a feltöltendő kép URL-címét.</msg>
		<msg id="No URL specified.">Nem adtad meg az URL-címet.</msg>
		<msg id="No pages contain &quot;{0}&quot; image.">A(z) „{0}” nevű képet egyetlen lap sem használja.</msg>
		<msg id="No revision ID specified for page to get title for.">Nincs megadva a változatazonosítója annak a lapnak, aminek a címét szeretnéd lekérni.</msg>
		<msg id="No text on page to revise in Microsoft Word.">Nincs áttekintendő szöveg a lapon a Microsoft Wordben.</msg>
		<msg id="No text specified for page to save.">Nincs megadva a mentendő lap szövege.</msg>
		<msg id="No title specified for image to upload.">Nincs megadva a feltöltendp kép neve.</msg>
		<msg id="No title specified for page to delete.">Nincs megadva a törlendő lap címe.</msg>
		<msg id="No title specified for page to get edit session data.">Nincs megadva a lap címe a szerkesztési munkamenetadatok lekéréséhez.</msg>
		<msg id="No title specified for page to load.">Nincs megadva a betöltendő lap címe.</msg>
		<msg id="No title specified for page to protect.">Nincs megadva a levédendő lap címe.</msg>
		<msg id="No title specified for page to rename.">Nincs megadva az átnevezendő lap címe.</msg>
		<msg id="No title specified for page to revert.">Nincs megadva a visszaállítandó lap címe.</msg>
		<msg id="No title specified for page to save text to.">Nincs megadva annak a lapnak a címe, ahová menteni szeretnéd a szöveget.</msg>
		<msg id="No title specified for page to unwatch.">Nincs megadva a figyelőlistáról eltávolítandó lap címe.</msg>
		<msg id="No title specified for page to watch.">Nincs megadva a figyelendő lap címe.</msg>
		<msg id="Nothing was found in &quot;{0}&quot; category.">Semmi sincs a(z) „{0}” nevű kategóriában.</msg>
		<msg id="Nothing was found on &quot;Special:{0}&quot; page.">Semmi sincs a „Special:{0}” lapon.</msg>
		<msg id="Number of days must be positive.">A napok számának pozitívnak kell lennie.</msg>
		<msg id="Only values 0, 1 and 2 are accepted. Please, consult documentation.">Csak az 0, 1 és 2 értékek érvényesek. Nézz utána a dokumentációban.</msg>
		<msg id="Page &quot;Special:{0}&quot; does not contain page titles.">A „Special:{0}” nem tartalmaz lapcímeket.</msg>
		<msg id="Page &quot;{0}&quot; added to watchlist.">A(z) „{0}” című lap hozzáadva a figyelőlistához.</msg>
		<msg id="Page &quot;{0}&quot; contains no text to save.">A(z) „{0}” lap nem tartalmaz szöveget, ezért nem menthető.</msg>
		<msg id="Page &quot;{0}&quot; doesn't exist.">A(z) „{0}” című lap nem létezik.</msg>
		<msg id="Page &quot;{0}&quot; loaded successfully.">A(z) „{0}” című lap sikeresen betöltve.</msg>
		<msg id="Page &quot;{0}&quot; saved successfully.">A(z) „{0}” című lap sikeresen elmentve.</msg>
		<msg id="Page &quot;{0}&quot; was removed from watchlist.">A(z) „{0}” című lap eltávolítva a figyelőlistáról.</msg>
		<msg id="Page &quot;{0}&quot; was reverted.">A(z) „{0}” című lap visszaállítva.</msg>
		<msg id="Page &quot;{0}&quot; was successfully deleted.">A(z) „{0}” című lap sikeresen törölve.</msg>
		<msg id="Page &quot;{0}&quot; was successfully renamed to &quot;{1}&quot;.">A(z) „{0}” című lap sikeresen átnevezve „{1}” névre.</msg>
		<msg id="Page.ReviseInMSWord() function requires MS Office PIAs to be installed and referenced. Please, see remarks in function's documentation in &quot;Documentation.chm&quot; file for additional instructions.\n">A Page.ReviseInMSWord() függbény használatához a MS Office PIAs telepítésére van szükség. További információkat a függvény leírásánál találsz a „Documentation.chm” fájlban.</msg>
		<msg id="PageList filled with bot account's watchlist.">Laplista feltöltve a botfiók figyelőlistájával.</msg>
		<msg id="PageList filled with changed pages from bot account's watchlist.">Laplista feltöltve a botfiók figyelőlistáján változott lapok listájával.</msg>
		<msg id="PageList filled with links, found on &quot;{0}&quot; page.">Laplista feltöltve a(z) „{0}” című lapon található linkek listájával.</msg>
		<msg id="PageList filled with search results.">Laplista feltöltve a keresés eredményével.</msg>
		<msg id="PageList filled with titles of pages, containing &quot;{0}&quot; image.">Laplista feltöltve a(z) „{0}” nevű képet tartalmazó lapok listájával.</msg>
		<msg id="PageList filled with titles of pages, referring to &quot;{0}&quot; page.">Laplista feltöltve „{0}” című lapra hivatkozó lapok listájával.</msg>
		<msg id="PageList filled with titles, found in &quot;{0}&quot; file.">Laplista feltöltve a(z) „{0}” nevű fájlban talált linkek listájával.</msg>
		<msg id="PageList filled with user's &quot;{0}&quot; contributions.">Laplista feltöltve a szerkesztő „{0}” közreműködésével".</msg>
		<msg id="PageList filled with www.google.com search results.">Laplista feltöltve a google.com-on végzett keresés eredményével.</msg>
		<msg id="PageList filled with {0} last revisons of &quot;{1}&quot; page.">Laplista feltöltve a(z) „{1}” című lap legutolsó {0} változatával.</msg>
		<msg id="PageList filled with {0} last revisons of &quot;{1}&quot; page...">Laplista feltöltve a(z) „{1}” című lap legutolsó {0} változatával...</msg>
		<msg id="PageList filled with {0} page titles from &quot;Special:Allpages&quot; MediaWiki page.">Laplista feltöltve „{0}” lapcímmel a Special:Allpages MediaWiki-lapról.</msg>
		<msg id="PageList filled with {0} page titles from &quot;Special:Recentchanges&quot; page.">Laplista feltöltve {0} lapcímmel a friss változások listájáról.</msg>
		<msg id="PageList filled with {0} page titles from &quot;Special:{1}&quot; page.">Laplista feltöltve {0} lapcímmel a „Special:{1}” lapról.</msg>
		<msg id="PageList filled with {0} page titles from &quot;{1}&quot; bot interface list.">Laplista feltöltve {0} lapcímmel a „{1}” lekérdezésből.</msg>
		<msg id="PageList filled with {0} page titles from &quot;{1}&quot; log.">Laplista feltöltve {0} lapcímmel a(z) „{1}” naplóból.</msg>
		<msg id="PageList filled with {0} page titles, found in &quot;{1}&quot; category.">Laplista feltöltve {0} lapcímmel a(z) „{1}” kategóriából.</msg>
		<msg id="PageList filled with {0} subcategory page titles, found in &quot;{1}&quot; category.">Laplista feltöltve „{0}” alkategórianévvel a(z) „{1}” kategóriából.</msg>
		<msg id="Pages download completed.">A lapok letöltése befejeződött.</msg>
		<msg id="Pages in this PageList:">Lapok a laplistában:</msg>
		<msg id="Protection expiry date must be hereafter.">A lejárati időnek egy jövőbeli időpontnek kell lennie.</msg>
		<msg id="Protection mode for page &quot;{0}&quot; changed successfully.">A(z) „{0}” című lap védelmi szintje sikeresen megváltoztatva.</msg>
		<msg id="Quantity must be positive.">A mennyiségnek pozitív értéknek kell lennie.</msg>
		<msg id="Retrying in 60 seconds.">Újrapróbálkozás 60 másodperc múlva.</msg>
		<msg id="Revision ID must be positive.">A változatazonosítónak pozitív értéknek kell lennie.</msg>
		<msg id="Site: {0} ({1})">Oldal: {0} ({1})</msg>
		<msg id="Text for page &quot;{0}&quot; successfully loaded from &quot;{1}&quot; file.">A(z) „{0}” című lap szövege sikeresen betöltve a(z) „{1}” nevű fájlból.</msg>
		<msg id="Text of &quot;{0}&quot; page successfully saved in &quot;{1}&quot; file.">A(z) „{0}” című lap szövege sikeresen elmentve a(z) „{1}” nevű fájlba.</msg>
		<msg id="Text of &quot;{0}&quot; page was revised in Microsoft Word.">A(z) „{0}” című lap szövege átnézve a Microsoft Wordben.</msg>
		<msg id="Texts of all pages in this PageList:">A laplistában lévő összes lap szövege:</msg>
		<msg id="The &quot;api.php&quot; MediaWiki extension is not available.">A(z) „api.php” MediaWiki-kiterjesztés nem elérhető.</msg>
		<msg id="The PageList is empty. Nothing to load.">A laplista üres. Nincs mit betölteni.</msg>
		<msg id="The PageList is empty. Nothing to protect.">A laplista üres. Nincs mit levédeni.</msg>
		<msg id="The PageList is empty. Nothing to sort.">A laplista üres. Nincs mit rendezni.</msg>
		<msg id="The PageList is empty. Nothing to unwatch.">A laplista üres. Nincs mit eltávolítani a figyelőlistáról.</msg>
		<msg id="The PageList is empty. Nothing to watch.">A laplista üres. Nincs mit figyelni.</msg>
		<msg id="The following text is going to be saved on page &quot;{0}&quot;:">A következő szöveg lesz elmentve a(z) „{0}” című lapra:</msg>
		<msg id="The list &quot;{0}&quot; is not supported.">A(z) „{0}” lista nem támogatott.</msg>
		<msg id="The text of &quot;{0}&quot; page:">A(z) „{0}” című lap szövege:</msg>
		<msg id="The title of this page is &quot;{0}&quot;.">A lap címe: „{0}”.</msg>
		<msg id="Titles in PageList saved to &quot;{0}&quot; file.">A laplistában található címek elmentve a(z) „{1}” nevű fájlba.</msg>
		<msg id="Unable to change protection mode for page &quot;{0}&quot;.">Nem sikerült megváltoztatni a(z) „{0}” című lap védelmi szintjét.</msg>
		<msg id="Unable to delete page &quot;{0}&quot;.">Nem sikerült törölni a(z) „{0}” című lapot.</msg>
		<msg id="Unable to rename page &quot;{0}&quot; to &quot;{1}&quot;.">Nem sikerült átnevezni a(z) „{0}” című lapot „{1}” névre.</msg>
		<msg id="Updating MediaWiki messages. Please, wait...">MediaWiki üzenetek dumpjának betöltése. Kélek várj...</msg>
		<msg id="Uploading image &quot;{0}&quot;...">A(z) „{0}” nevű kép feltöltése...</msg>
		<msg id="Would you like to proceed (y/n/a)?">Szeretnéd folytatni? (y - igen / n - nem / a - mégse)</msg>
		<msg id="XML dump loaded successfully.">XML-dump sikeresen betöltve.</msg>
		<msg id="XML dump successfully saved in &quot;{0}&quot; file.">XML-dump sikeresen elmentve a(z) „{0}” nevű fájlba.</msg>
	</hu>


	<!-- Portuguese (Portugal) translation by Hamilton Abreu <rui.hamilton.abreu@gmail.com> -->
	<pt>
		<msg id="&quot;\Cache\Defaults.dat&quot; file is invalid.">Ficheiro "\Cache\Defaults.dat" é inválido.</msg>
		<msg id="&quot;\Cache\Defaults.dat&quot; file not found.">Ficheiro "\Cache\Defaults.dat" não encontrado.</msg>
		<msg id="Can't access image &quot;{0}&quot;.">Não foi possível aceder à imagem "{0}".</msg>
		<msg id="Can't access the site.">Não foi possível aceder ao site.</msg>
		<msg id="Can't get category members using bot interface.\nSwitching to common user interface (&quot;site.botQuery&quot; is set to &quot;false&quot;).">Não foi possível obter membros da categoria usando a interface do robô.\nMudando para a interface normal ("site.botQuery" tem o valor "false").</msg>
		<msg id="Can't revert page &quot;{0}&quot;.">Não foi possível reverter a página "{0}".</msg>
		<msg id="Can't undo last edits of page &quot;{0}&quot; by user {1}.">Não foi possível desfazer últimas edições da página "{0}" pelo utilizador {1}.</msg>
		<msg id="Downloading image &quot;{0}&quot;...">A descarregar a imagem "{0}"...</msg>
		<msg id="Edit conflict occurred while trying to savе page &quot;{0}&quot;.">Ocorreu um conflito de edições ao tentar gravar a página "{0}".</msg>
		<msg id="Error occurred when downloading image &quot;{0}&quot;.">Ocorreu um erro ao descarregar a página "{0}".</msg>
		<msg id="Error occurred when saving page &quot;{0}&quot;: Bot operation is not allowed for this account at &quot;{1}&quot; site.">Ocorreu um erro ao gravar a página "{0}": Não é permitida a utilização de robôs nesta conta na "{1}".</msg>
		<msg id="Error occurred when uploading image &quot;{0}&quot;.">Ocorreu um erro ao carregar a imagem "{0}".</msg>
		<msg id="Error: {0}">Erro: {0}</msg>
		<msg id="Failed to delete page &quot;{0}&quot;.">Não foi possível eliminar a página "{0}".</msg>
		<msg id="Failed to rename page &quot;{0}&quot; to &quot;{1}&quot;.">Não foi possível alterar o nome da página "{0}" para "{1}".</msg>
		<msg id="Getting category &quot;{0}&quot; contents...">A importar o conteúdo da categoria "{0}"...</msg>
		<msg id="Getting {0} last revisons of &quot;{1}&quot; page...">A importar as últimas {0} revisões da página "{1}"...</msg>
		<msg id="Getting {0} last revisons of &quot;{1}&quot; page...">A importar as últimas {0} revisões da página "{1}"...</msg>
		<msg id="Getting {0} page titles from &quot;Special:Allpages&quot; MediaWiki page...">A importar {0} títulos de páginas da página MediaWiki "Special:Allpages".</msg>
		<msg id="Getting {0} page titles from &quot;Special:Recentchanges&quot; page...">A importar {0} títulos de páginas da página MediaWiki "Special:Recentchanges".</msg>
		<msg id="Getting {0} page titles from &quot;Special:{1}&quot; page...">A importar {0} títulos de páginas da página "Special:{1}".</msg>
		<msg id="Getting {0} page titles from &quot;{1}&quot; log...">A importar {0} títulos de páginas do registo "{1}"...</msg>
		<msg id="Image &quot;{0}&quot; doesn't exist.">Imagem "{0}" não existe.</msg>
		<msg id="Image &quot;{0}&quot; downloaded successfully.">Imagem "{0}" foi descarregada com sucesso.</msg>
		<msg id="Image &quot;{0}&quot; uploaded successfully.">Imagem "{0}" foi carregada com sucesso.</msg>
		<msg id="Image file &quot;{0}&quot; doesn't exist.">Ficheiro de imagem "{0}" não existe.</msg>
		<msg id="Initializing disambiguation template tags...">A inicializar elementos (tags) da predefinição de desambiguações...</msg>
		<msg id="Insufficient rights to edit page &quot;{0}&quot;.">Privilégios insuficientes para editar a página "{0}".</msg>
		<msg id="Last edits of page &quot;{0}&quot; by user {1} were undone.">Últimas edições da página "{0}" pelo utilizador {1} foram desfeitas.</msg>
		<msg id="Limit must be positive.">Limite tem de ser positivo.</msg>
		<msg id="Loading pages from XML dump...">A carregar páginas do dump XML...</msg>
		<msg id="Loading {0} pages for XML dump...">A carregar {0} páginas do dump XML...</msg>
		<msg id="Loading {0} pages...">A carregar {0} páginas...</msg>
		<msg id="Log &quot;{0}&quot; does not contain page titles.">Registo "{0}" não contém títulos de páginas.</msg>
		<msg id="Logged in as {0}.">Sessão iniciada como {0}.</msg>
		<msg id="Logging in...">A iniciar sessão...</msg>
		<msg id="Login failed. Check your username and password.">Não foi possível iniciar sessão. Verifique nome de utilizador e palavra-chave.</msg>
		<msg id="MediaWiki system messages were loaded successfully.">Dump das mensagens MediaWiki foi actualizado com sucesso.</msg>
		<msg id="MediaWiki messages parsing failed.">Análise sintáctica das mensagens MediaWiki falhou.</msg>
		<msg id="Name of file &quot;{0}&quot; must contain at least 3 characters (excluding extension) for successful upload.">Nome do ficheiro "{0}" tem de ter pelos menos 3 caracteres (excluindo extensão) para ser carregado.</msg>
		<msg id="No URL specified of image to upload.">Não foi especificada a URL da imagem a carregar.</msg>
		<msg id="No URL specified.">Não foi especificada a URL.</msg>
		<msg id="No pages contain &quot;{0}&quot; image.">Nenhuma página contém a imagem "{0}".</msg>
		<msg id="No revision ID specified for page to get title for.">Não foi especificada a ID da revisão, da página donde será obtido o título.</msg>
		<msg id="No text on page to revise in Microsoft Word.">Não existe texto na página que será revista no Microsoft Word.</msg>
		<msg id="No text specified for page to save.">Não existe texto na página que será gravada.</msg>
		<msg id="No title specified for image to upload.">Não foi especificado o título da imagem para carregar.</msg>
		<msg id="No title specified for page to delete.">Não foi especificado o título da página para eliminar.</msg>
		<msg id="No title specified for page to get edit session data.">Não foi especificado o título da página de onde importar os dados da sessão.</msg>
		<msg id="No title specified for page to load.">Não foi especificado o título da imagem para importar.</msg>
		<msg id="No title specified for page to protect.">Não foi especificado o título da página para proteger.</msg>
		<msg id="No title specified for page to rename.">Não foi especificado o título da página para alterar o nome.</msg>
		<msg id="No title specified for page to revert.">Não foi especificado o título da página para reverter.</msg>
		<msg id="No title specified for page to save text to.">Não foi especificado o título da página onde gravar o texto.</msg>
		<msg id="No title specified for page to unwatch.">Não foi especificado o título da página para deixar de vigiar.</msg>
		<msg id="No title specified for page to watch.">Não foi especificado o título da página para vigiar.</msg>
		<msg id="Nothing was found in &quot;{0}&quot; category.">Não foram encontrados dados na categoria "{0}".</msg>
		<msg id="Nothing was found on &quot;Special:{0}&quot; page.">Não foram encontrados dados na página "Special:{0}".</msg>
		<msg id="Number of days must be positive.">Número de dias tem de ser positivo.</msg>
		<msg id="Only values 0, 1 and 2 are accepted. Please, consult documentation.">Só os valores 0, 1 e 2 são aceites. Por favor, consulte a documentação.</msg>
		<msg id="Page &quot;Special:{0}&quot; does not contain page titles.">A página "Special:{0}" não contém títulos de páginas.</msg>
		<msg id="Page &quot;{0}&quot; added to watchlist.">A página "{0}" foi adicionada às vigiadas.</msg>
		<msg id="Page &quot;{0}&quot; contains no text to save.">A página "{0}" não contém texto para gravar.</msg>
		<msg id="Page &quot;{0}&quot; doesn't exist.">A página "{0}" não existe.</msg>
		<msg id="Page &quot;{0}&quot; loaded successfully.">A página "{0}" foi carregada com sucesso.</msg>
		<msg id="Page &quot;{0}&quot; saved successfully.">A página "{0}" foi gravada com sucesso.</msg>
		<msg id="Page &quot;{0}&quot; was removed from watchlist.">A página "{0}" foi removida das vigiadas.</msg>
		<msg id="Page &quot;{0}&quot; was reverted.">A página "{0}" foi revertida.</msg>
		<msg id="Page &quot;{0}&quot; was successfully deleted.">A página "{0}" foi eliminada com sucesso.</msg>
		<msg id="Page &quot;{0}&quot; was successfully renamed to &quot;{1}&quot;.">O título da página "{0}" foi alterado para "{1}" com sucesso.</msg>
		<msg id="Page.ReviseInMSWord() function requires MS Office PIAs to be installed and referenced. Please, see remarks in function's documentation in &quot;Documentation.chm&quot; file for additional instructions.\n">A função Page.ReviseInMSWord() requer que o MS Office PIAs esteja instalado e referenciado. Por favor, consulte a documentação desta função no ficheiro "Documentation.chm" para mais informações.</msg>
		<msg id="PageList filled with bot account's watchlist.">PageList preenchida com as páginas vigiadas da conta robô.</msg>
		<msg id="PageList filled with changed pages from bot account's watchlist.">PageList preenchida com as páginas vigiadas da conta robô que foram alteradas.</msg>
		<msg id="PageList filled with links, found on &quot;{0}&quot; page.">PageList preenchida com as ligações encontradas na página "{0}".</msg>
		<msg id="PageList filled with search results.">PageList preenchida com os resultados da pesquisa.</msg>
		<msg id="PageList filled with titles of pages, containing &quot;{0}&quot; image.">PageList preenchida com os títulos das páginas que contêm a imagem "{0}".</msg>
		<msg id="PageList filled with titles of pages, referring to &quot;{0}&quot; page.">PageList preenchida com os títulos das páginas que contêm ligações para a página "{0}".</msg>
		<msg id="PageList filled with titles, found in &quot;{0}&quot; file.">PageList preenchida com os títulos das páginas encontradas no ficheiro "{0}".</msg>
		<msg id="PageList filled with user's &quot;{0}&quot; contributions.">PageList preenchida com as "{0}" contribuições do utilizador.</msg>
		<msg id="PageList filled with www.google.com search results.">PageList preenchida com os resultados da pesquisa em www.google.com.</msg>
		<msg id="PageList filled with {0} last revisons of &quot;{1}&quot; page.">PageList preenchida com as {0} últimas revisões da página "{1}".</msg>
		<msg id="PageList filled with {0} last revisons of &quot;{1}&quot; page...">PageList preenchida com as {0} últimas revisões da página "{1}"...</msg>
		<msg id="PageList filled with {0} page titles from &quot;Special:Allpages&quot; MediaWiki page.">Pagelist preenchida com {0} títulos de páginas, da página MediaWiki "Special:Allpages".</msg>
		<msg id="PageList filled with {0} page titles from &quot;Special:Recentchanges&quot; page.">Pagelist preenchida com {0} títulos de páginas, da página "Special:Recentchanges".</msg>
		<msg id="PageList filled with {0} page titles from &quot;Special:{1}&quot; page.">Pagelist preenchida com {0} títulos de páginas, da página "Special:{1}".</msg>
		<msg id="PageList filled with {0} page titles from &quot;{1}&quot; bot interface list.">Pagelist preenchida com {0} títulos de páginas, da lista da interface de robôs "{1}".</msg>
		<msg id="PageList filled with {0} page titles from &quot;{1}&quot; log.">Pagelist preenchida com {0} títulos de páginas, do registo "{1}".</msg>
		<msg id="PageList filled with {0} page titles, found in &quot;{1}&quot; category.">Pagelist preenchida com {0} títulos de páginas, encontradas na categoria "{1}".</msg>
		<msg id="PageList filled with {0} subcategory page titles, found in &quot;{1}&quot; category.">Pagelist preenchida com {0} títulos de páginas de subcategorias, encontradas na categoria "{1}".</msg>
		<msg id="Pages download completed.">Descarregamento de páginas terminado.</msg>
		<msg id="Pages in this PageList:">Páginas nesta PageList:</msg>
		<msg id="Protection expiry date must be hereafter.">Data de expiração da protecção tem de ser a partir de hoje.</msg>
		<msg id="Protection mode for page &quot;{0}&quot; changed successfully.">Modo de protecção da página "{0}" alterado com sucesso.</msg>
		<msg id="Quantity must be positive.">Quantidade tem de ser positiva.</msg>
		<msg id="Retrying in 60 seconds.">Nova tentativa em 60 segundos.</msg>
		<msg id="Revision ID must be positive.">A ID da revisão tem de ser positiva.</msg>
		<msg id="Site: {0} ({1})">Site: {0} ({1})</msg>
		<msg id="Text for page &quot;{0}&quot; successfully loaded from &quot;{1}&quot; file.">Texto para a página "{0}" importado com sucesso do ficheiro "{1}".</msg>
		<msg id="Text of &quot;{0}&quot; page successfully saved in &quot;{1}&quot; file.">Texto da página "{0}" gravado com sucesso no ficheiro "{1}".</msg>
		<msg id="Text of &quot;{0}&quot; page was revised in Microsoft Word.">Тexto da página "{0}" foi revisto no Microsoft Word.</msg>
		<msg id="Texts of all pages in this PageList:">Textos de todas as páginas nesta PageList:</msg>
		<msg id="The &quot;api.php&quot; MediaWiki extension is not available.">A extensão MediaWiki "api.php" não está disponível.</msg>
		<msg id="The PageList is empty. Nothing to load.">A PageList está vazia. Nada para importar.</msg>
		<msg id="The PageList is empty. Nothing to protect.">A PageList está vazia. Nada para proteger.</msg>
		<msg id="The PageList is empty. Nothing to sort.">A PageList está vazia. Nada para ordenar.</msg>
		<msg id="The PageList is empty. Nothing to unwatch.">A PageList está vazia. Nada para deixar de vigiar.</msg>
		<msg id="The PageList is empty. Nothing to watch.">A PageList está vazia. Nada para vigiar.</msg>
		<msg id="The following text is going to be saved on page &quot;{0}&quot;:">O seguinte texto será gravado na página "{0}":</msg>
		<msg id="The list &quot;{0}&quot; is not supported.">A lista "{0}" não é suportada.</msg>
		<msg id="The text of &quot;{0}&quot; page:">O texto da página "{0}":</msg>
		<msg id="The title of this page is &quot;{0}&quot;.">O título desta página é "{0}".</msg>
		<msg id="Titles in PageList saved to &quot;{0}&quot; file.">Títulos na PageList gravados no ficheiro "{0}".</msg>
		<msg id="Unable to change protection mode for page &quot;{0}&quot;.">Não foi possível alterar o mode de protecção da página "{0}".</msg>
		<msg id="Unable to delete page &quot;{0}&quot;.">Não foi possível eliminar a página "{0}".</msg>
		<msg id="Unable to rename page &quot;{0}&quot; to &quot;{1}&quot;.">Não foi possível alterar o nome da página, de "{0}" para "{1}".</msg>
		<msg id="Updating MediaWiki messages. Please, wait...">A actualizar o dump das mensagens MediaWiki. Por favor, aguarde...</msg>
		<msg id="Uploading image &quot;{0}&quot;...">A importar a imagem "{0}"...</msg>
		<msg id="Would you like to proceed (y/n/a)?">Deseja continuar? (y - sim / n - não / a - abortar)</msg>
		<msg id="XML dump loaded successfully.">Dump XML importado com sucesso.</msg>
		<msg id="XML dump successfully saved in &quot;{0}&quot; file.">Dump XML gravado com sucesso no ficheiro "{0}".</msg>
	</pt>


	<!-- Russian translation by Iaroslav Vassiliev <codedriller@gmail.com> -->
	<ru>
		<msg id="&quot;\Cache\Defaults.dat&quot; file is invalid.">Файл "\Cache\Defaults.dat" неправилен или поврежден.</msg>
		<msg id="&quot;\Cache\Defaults.dat&quot; file not found.">Файл "\Cache\Defaults.dat" не найден.</msg>
		<msg id="WARNING: This MediaWiki version is outdated, some bot functions may not work properly. Please, consider downgrading to DotNetWikiBot {0} to work with this site.">ВНИМАНИЕ! Данная версия MediaWiki устарела, некоторые функции бота могут работать на ней неправильно. Возможно, будет лучше установить DotNetWikiBot {0} для работы с этим сайтом.</msg>
		<msg id="Bot action on &quot;{0}&quot; page is prohibited by &quot;nobots&quot; or &quot;bots|allow=none&quot; template.">Правка ботом страницы "{0}" запрещена шаблоном "nobots" или "bots|allow=none".</msg>
		<msg id="Can't access image &quot;{0}&quot;.">Не удается загрузить изображение "{0}".</msg>
		<msg id="Can't access the site.">Сайт недоступен.</msg>
		<msg id="Can't find path to index.php.">Не удалось определить путь к index.php.</msg>
		<msg id="Can't get category members using bot interface.\nSwitching to common user interface (&quot;site.botQuery&quot; is set to &quot;false&quot;).">Невозможно загрузить содержимое категории через бот-интерфейс. Пришлось переключиться в обычный интерфейс (переменная "site.botQuery" установлена в "false").</msg>
		<msg id="Can't revert page &quot;{0}&quot;.">Невозможно откатить страницу "{0}" к предыдущей версии.</msg>
		<msg id="Can't undo last edits of page &quot;{0}&quot; by user {1}.">Невозможно отменить последние правки страницы "{0}" пользователем {1}.</msg>
		<msg id="Now using &quot;{0}&quot; directory for cache.">Для кэша теперь используется директория "{0}".</msg>
		<msg id="Read/write permissions are required for &quot;{0}&quot; directory.">Нужны права на запись и чтение для директории "{0}".</msg>
		<msg id="Downloading image &quot;{0}&quot;...">Загружается изображение "{0}"...</msg>
		<msg id="Edit conflict occurred while trying to savе page &quot;{0}&quot;.">При попытке сохранения страницы "{0}" произошел конфликт редактирования.</msg>
		<msg id="Error occurred when downloading image &quot;{0}&quot;.">Во время загрузки изображения "{0}" произошла ошибка.</msg>
		<msg id="Error occurred when saving page &quot;{0}&quot;: Bot operation is not allowed for this account at &quot;{1}&quot; site.">При попытке сохранения страницы "{0}" произошла ошибка: на сайте "{1}" для данной учетной записи пользователя запрещены правки в автоматическом режиме.</msg>
		<msg id="Error occurred when uploading image &quot;{0}&quot;.">Во время загрузки изображения "{0}" произошла ошибка.</msg>
		<msg id="Error: {0}">Ошибка: {0}</msg>
		<msg id="Failed to delete page &quot;{0}&quot;.">Не удалось удалить страницу "{0}".</msg>
		<msg id="Failed to rename page &quot;{0}&quot; to &quot;{1}&quot;.">Не удалось переименовать страницу "{0}" в "{1}".</msg>
		<msg id="Getting category &quot;{0}&quot; contents...">Загружается содержимое категории "{0}"...</msg>
		<msg id="Getting {0} last revisons of &quot;{1}&quot; page...">Загружаются {0} последних версий страницы "{1}"...</msg>
		<msg id="Getting {0} last revisons of &quot;{1}&quot; page...">Загружаются {0} последних правок страницы "{1}"...</msg>
		<msg id="Getting {0} page titles from &quot;Special:Allpages&quot; MediaWiki page...">Загружается {0} названий страниц со служебной страницы "Special:Allpages".</msg>
		<msg id="Getting {0} page titles from &quot;Special:Recentchanges&quot; page...">Загружается {0} названий страниц со служебной страницы свежих правок "Special:Recentchanges".</msg>
		<msg id="Getting {0} page titles from &quot;Special:{1}&quot; page...">Загружается {0} названий страниц со служебной страницы "Special:{1}".</msg>
		<msg id="Getting {0} page titles from &quot;{1}&quot; log...">Загружается {0} страниц из журнала "{1}"...</msg>
		<msg id="Image &quot;{0}&quot; doesn't exist.">Изображение "{0}" не существует.</msg>
		<msg id="Image &quot;{0}&quot; downloaded successfully.">Изображение "{0}" загружено успешно.</msg>
		<msg id="Image &quot;{0}&quot; uploaded successfully.">Изображение "{0}" загружено успешно.</msg>
		<msg id="Image file &quot;{0}&quot; doesn't exist.">Файл изображения "{0}" не существует.</msg>
		<msg id="Initializing disambiguation template tags...">Инициализация тегов разрешения неоднозначностей...</msg>
		<msg id="Insufficient rights to edit page &quot;{0}&quot;.">Нет соответствующих прав для редактирования страницы "{0}".</msg>
		<msg id="Last edits of page &quot;{0}&quot; by user {1} were undone.">Последние правки страницы "{0}" пользователем {1} были отменены.</msg>
		<msg id="Limit must be positive.">Предел должен быть положительным числом.</msg>
		<msg id="Loading pages from XML dump...">Идет загрузка страниц из XML-архива.</msg>
		<msg id="Loading {0} pages for XML dump...">Загружается {0} страниц для создания XML-архива...</msg>
		<msg id="Loading {0} pages...">Загружается {0} страниц...</msg>
		<msg id="Log &quot;{0}&quot; does not contain page titles.">Журнал "{0}" не содержит названий страниц.</msg>
		<msg id="Logged in as {0}.">Бот успешно вошел в систему как {0}.</msg>
		<msg id="Logging in...">Идет подключение к сайту...</msg>
		<msg id="Login failed. Check your username and password.">Войти в систему не удалось. Проверьте имя пользователя и пароль.</msg>
		<msg id="MediaWiki message &quot;{0}&quot; was not found.">Не найдено сообщение MediaWiki "{0}".</msg>
		<msg id="MediaWiki system messages were loaded successfully.">Сообщения MediaWiki загружены успешно.</msg>
		<msg id="MediaWiki messages parsing failed.">Разбор системных сообщений MediaWiki окончился неудачей.</msg>
		<msg id="Name of file &quot;{0}&quot; must contain at least 3 characters (excluding extension) for successful upload.">Для успешной загрузки имя файла "{0}" должно содержать не менее 3 символов, не считая расширения.</msg>
		<msg id="No default Site object is available.">Нет доступного по умолчанию объекта типа Site.</msg>
		<msg id="No URL specified of image to upload.">Не указан адрес изображения (URL) для загрузки.</msg>
		<msg id="No URL specified.">Ссылка (URL) не указана.</msg>
		<msg id="No pages contain &quot;{0}&quot; image.">Никакие страницы не содержат изображения "{0}".</msg>
		<msg id="No page revision with ID &quot;{0}&quot; was found.">Не найдена страница с идентификатором версии "{0}".</msg>
		<msg id="No revision ID specified for page to get title for.">Не указан идентификатор версии страницы, для которой нужно получить название.</msg>
		<msg id="No text on page to revise in Microsoft Word.">На странице нет текста для правки в Microsoft Word.</msg>
		<msg id="No text specified for page to save.">Не указан текст, который нужно сохранить на странице.</msg>
		<msg id="No title specified for image to upload.">Не указано название изображения, которое нужно загрузить.</msg>
		<msg id="No title specified for page to delete.">Не указано название страницы, которую нужно удалить.</msg>
		<msg id="No title specified for page to get edit session data.">Не указано название страницы, для которой нужно загрузить данные сессии редактирования.</msg>
		<msg id="No title specified for page to load.">Не указано название страницы, которую нужно загрузить.</msg>
		<msg id="No title specified for page to protect.">Не указано название страницы, которую нужно защитить.</msg>
		<msg id="No title specified for page to rename.">Не указано название страницы, которую нужно переименовать.</msg>
		<msg id="No title specified for page to revert.">Не указано название страницы, которую нужно откатить.</msg>
		<msg id="No title specified for page to save text to.">Не указано название страницы, на которой нужно сохранить текст.</msg>
		<msg id="No title specified for page to unwatch.">Не указано название страницы для исключения из списка наблюдения.</msg>
		<msg id="No title specified for page to watch.">Не указано название страницы для наблюдения.</msg>
		<msg id="Nothing was found in &quot;{0}&quot; category.">Ничего не было обнаружено в категории "{0}".</msg>
		<msg id="Nothing was found on &quot;Special:{0}&quot; page.">Ничего не было обнаружено на странице "Special:{0}".</msg>
		<msg id="Number of days must be positive.">Количество дней должно быть положительным числом.</msg>
		<msg id="Only values 0, 1 and 2 are accepted. Please, consult documentation.">Только значения 0, 1 и 2 являются допустимыми. Пожалуйста, обратитесь к документации.</msg>
		<msg id="Page &quot;Special:{0}&quot; does not contain page titles.">Страница "Special:{0}" не содержит названий других страниц.</msg>
		<msg id="Page &quot;{0}&quot; added to watchlist.">Страница "{0}" добавлена в список наблюдения.</msg>
		<msg id="Page &quot;{0}&quot; contains no text to save.">Страница не содержит текста.</msg>
		<msg id="Page &quot;{0}&quot; doesn't exist.">Страницы "{0}" не существует.</msg>
		<msg id="Page &quot;{0}&quot; loaded successfully.">Страница "{0}" загружена успешно.</msg>
		<msg id="Page &quot;{0}&quot; saved successfully.">Страница "{0}" сохранена успешно.</msg>
		<msg id="Page &quot;{0}&quot; was removed from watchlist.">Страница "{0}" была исключена из списка наблюдения.</msg>
		<msg id="Page &quot;{0}&quot; was reverted.">Страница "{0}" была откачена к предыдущей версии.</msg>
		<msg id="Page &quot;{0}&quot; was successfully deleted.">Страница "{0}" успешно удалена.</msg>
		<msg id="Page &quot;{0}&quot; was successfully renamed to &quot;{1}&quot;.">Страница "{0}" успешно переименована в "{1}".</msg>
		<msg id="Page.ReviseInMSWord() function requires MS Office PIAs to be installed and referenced. Please, see remarks in function's documentation in &quot;Documentation.chm&quot; file for additional instructions.\n">Функция Page.ReviseInMSWord() требует, чтобы на компьютере были установлены MS Office PIAs и указаны при сборке этого файла. Пожалуйста, посмотрите документацию в файле "Documentation.chm" для более подробных инструкций.</msg>
		<msg id="PageList filled with bot account's watchlist.">Набор наполнен страницами из списка наблюдения учетной записи бота.</msg>
		<msg id="PageList filled with changed pages from bot account's watchlist.">Набор наполнен измененными страницами из списка наблюдения учетной записи бота.</msg>
		<msg id="PageList filled with links, found on &quot;{0}&quot; page.">Набор страниц наполнен ссылками, найденными на странице "{0}".</msg>
		<msg id="PageList filled with search results.">Набор страниц наполнен результатами поиска.</msg>
		<msg id="PageList filled with titles of pages, containing &quot;{0}&quot; image.">Набор наполнен названиями страниц, содержащих изображение "{0}".</msg>
		<msg id="PageList filled with titles of pages, referring to &quot;{0}&quot; page.">Набор страниц наполнен названиями страниц, ссылающихся на страницу "{0}".</msg>
		<msg id="PageList filled with titles, found in &quot;{0}&quot; file.">Набор страниц наполнен названиями, найденными в файле "{0}".</msg>
		<msg id="PageList filled with user's &quot;{0}&quot; contributions.">Набор наполнен страницами, которые правил пользователь "{0}".</msg>
		<msg id="PageList filled with www.google.com search results.">Набор страниц наполнен результатами поиска на www.google.com.</msg>
		<msg id="PageList filled with {0} last revisons of &quot;{1}&quot; page.">Набор страниц наполнен {0} последними правками страницы "{1}".</msg>
		<msg id="PageList filled with {0} last revisons of &quot;{1}&quot; page...">Набор страниц наполнен {0} последними версиями страницы "{1}"...</msg>
		<msg id="PageList filled with {0} page titles from &quot;Special:Allpages&quot; MediaWiki page.">Набор наполнен {0} названиями со служебной страницы "Special:Allpages".</msg>
		<msg id="PageList filled with {0} page titles from &quot;Special:Recentchanges&quot; page.">Набор страниц наполнен {0} названиями из журнала свежих правок "Special:Recentchanges".</msg>
		<msg id="PageList filled with {0} page titles from &quot;Special:{1}&quot; page.">Набор страниц наполнен "{0}" названиями со страницы "Special:{1}".</msg>
		<msg id="PageList filled with {0} page titles from &quot;{1}&quot; bot interface list.">Набор страниц наполнен {0} названиями из специального списка "{1}".</msg>
		<msg id="PageList filled with {0} page titles from &quot;{1}&quot; log.">Набор страниц наполнен {0} названиями из журнала "{1}".</msg>
		<msg id="PageList filled with {0} page titles, found in &quot;{1}&quot; category.">Набор страниц наполнен {0} названиями из категории "{1}".</msg>
		<msg id="PageList filled with {0} subcategory page titles, found in &quot;{1}&quot; category.">Набор страниц наполнен {0} названиями страниц подкатегорий из категории "{1}".</msg>
		<msg id="Pages download completed.">Загрузка страниц завершена.</msg>
		<msg id="Pages in this PageList:">Список страниц в данном наборе:</msg>
		<msg id="Protection expiry date must be hereafter.">Дата автоматического снятия защиты должна относиться к будущему.</msg>
		<msg id="Protection mode for page &quot;{0}&quot; changed successfully.">Режим защиты для страницы "{0}" изменен успешно.</msg>
		<msg id="Quantity must be positive.">Количество должно быть положительным числом.</msg>
		<msg id="Retrying in 60 seconds.">Через 60 секунд будет предпринята еще одна попытка.</msg>
		<msg id="Revision ID must be positive.">Идентификатор версии страницы должен быть положительным числом.</msg>
		<msg id="Site: {0} ({1})">Сайт: {0} ({1})</msg>
		<msg id="Site &quot;{0}&quot; was not found in &quot;\Cache\Defaults.dat&quot; file.">Сайт {0} не обнаружен в файле "\Cache\Defaults.dat".</msg>
		<msg id="Text for page &quot;{0}&quot; successfully loaded from &quot;{1}&quot; file.">Текст для страницы "{0}" успешно загружен из файла "{1}".</msg>
		<msg id="Text of &quot;{0}&quot; page successfully saved in &quot;{1}&quot; file.">Текст страницы "{0}" успешно сохранен в файле "{1}".</msg>
		<msg id="Text of &quot;{0}&quot; page was revised in Microsoft Word.">Текст страницы "{0}" был исправлен в Microsoft Word.</msg>
		<msg id="Texts of all pages in this PageList:">Тексты всех страниц в данном наборе:</msg>
		<msg id="The &quot;api.php&quot; MediaWiki extension is not available.">Расширение MediaWiki "api.php" недоступно.</msg>
		<msg id="The PageList is empty. Nothing to load.">Набор страниц пуст. Нечего загружать.</msg>
		<msg id="The PageList is empty. Nothing to protect.">Набор страниц пуст. Нечего защищать.</msg>
		<msg id="The PageList is empty. Nothing to sort.">Набор страниц пуст. Нечего сортировать.</msg>
		<msg id="The PageList is empty. Nothing to unwatch.">Набор страниц пуст. Нечего исключать из списка наблюдения.</msg>
		<msg id="The PageList is empty. Nothing to watch.">Набор страниц пуст. Нечего включать в список наблюдения.</msg>
		<msg id="The following text is going to be saved on page &quot;{0}&quot;:">Следующий текст будет сохранен на странице "{0}":</msg>
		<msg id="The list &quot;{0}&quot; is not supported.">Список "{0}" не поддерживается.</msg>
		<msg id="The log &quot;{0}&quot; is not supported.">Журнал "{0}" не поддерживается.</msg>
		<msg id="The text of &quot;{0}&quot; page:">Текст страницы "{0}":</msg>
		<msg id="The title of this page is &quot;{0}&quot;.">Название этой страницы - "{0}".</msg>
		<msg id="Titles in PageList saved to &quot;{0}&quot; file.">Названия страниц из набора сохранены в файле "{0}".</msg>
		<msg id="Unable to change protection mode for page &quot;{0}&quot;.">Невозможно изменить режим защиты для страницы "{0}".</msg>
		<msg id="Unable to delete page &quot;{0}&quot;.">Невозможно удалить страницу "{0}".</msg>
		<msg id="Unable to rename page &quot;{0}&quot; to &quot;{1}&quot;.">Невозможно переименовать страницу "{0}" в "{1}".</msg>
		<msg id="Updating MediaWiki messages. Please, wait...">Идет обновление системных сообщений MediaWiki. Пожалуйста, ждите...</msg>
		<msg id="Uploading image &quot;{0}&quot;...">Загружается изображение "{0}"...</msg>
		<msg id="Would you like to proceed (y/n/a)?">Вы хотели бы продолжить? (y - да / n - нет / a - всегда)</msg>
		<msg id="XML dump loaded successfully.">XML-архив загружен успешно.</msg>
		<msg id="XML dump successfully saved in &quot;{0}&quot; file.">XML-архив успешно сохранен в файле "{0}".</msg>
	</ru>

</dotnetwikibot_messages>